{"cameraMode":{"drawMode":0,"name":"Shaded","section":"Shading Mode"},"sceneLighting":true,"audioPlay":false,"sceneViewState":{"m_AlwaysRefresh":false,"showFog":true,"showSkybox":true,"showFlares":true,"showImageEffects":true,"showParticleSystems":true,"showVisualEffectGraphs":true,"m_FxEnabled":true},"in2DMode":false,"pivot":{"x":5.186627388000488,"y":-4.232429504394531,"z":13.354888916015625},"rotation":{"x":0.048992909491062167,"y":-0.1397659331560135,"z":0.00692405691370368,"w":0.9889477491378784},"size":21.133766174316408,"orthographic":false}