{"cameraMode":{"drawMode":0,"name":"Shaded","section":"Shading Mode"},"sceneLighting":true,"audioPlay":false,"sceneViewState":{"m_AlwaysRefresh":false,"showFog":true,"showSkybox":true,"showFlares":true,"showImageEffects":true,"showParticleSystems":true,"showVisualEffectGraphs":true,"m_FxEnabled":true},"in2DMode":false,"pivot":{"x":7.21295166015625,"y":-3.0223636627197267,"z":-0.8713884353637695},"rotation":{"x":0.2404658943414688,"y":-0.036980483680963519,"z":0.009186065755784512,"w":0.9699800610542297},"size":9.763429641723633,"orthographic":false}